{"backedUpFiles":["/sdcard/FIRST/blocks/Motor.blk","/sdcard/FIRST/blocks/Motor.js","/sdcard/FIRST/blocks/Reset.blk","/sdcard/FIRST/blocks/AutoSuffering.blk","/sdcard/FIRST/blocks/AutoSuffering.js","/sdcard/FIRST/blocks/Autonymous_Kompetisie.blk","/sdcard/FIRST/blocks/Autonymous_Kompetisie.js","/sdcard/FIRST/blocks/Reset.js","/sdcard/FIRST/blocks/Auto 9 Julie Kompetiesie.blk","/sdcard/FIRST/blocks/Auto 9 Julie Kompetiesie.js","/sdcard/FIRST/blocks/Dian.blk","/sdcard/FIRST/blocks/Dian.js","/sdcard/FIRST/java/src/org/firstinspires/ftc/teamcode/Xander_teleOp.java","/sdcard/FIRST/java/src/org/firstinspires/ftc/teamcode/Toets_Autonomous1.java","/sdcard/FIRST/java/src/org/firstinspires/ftc/teamcode/Sukkel.java","/sdcard/FIRST/java/src/org/firstinspires/ftc/teamcode/XPG_Remote.java","/sdcard/FIRST/java/src/org/firstinspires/ftc/teamcode/Annika.java","/sdcard/FIRST/java/src/org/firstinspires/ftc/teamcode/JoncoAuto.java","/sdcard/FIRST/java/src/org/firstinspires/ftc/teamcode/Eduan_Draai.java","/sdcard/FIRST/java/src/ToetsCode/DriveToets.java","/sdcard/FIRST/java/src/ToetsCode/ColorToets.java","/sdcard/FIRST/Metagearz.xml","/sdcard/FIRST/2Julie.xml","/sdcard/FIRST/hoop.xml"],"deviceName":"Control Hub MetaGearz","modifiedTimes":[{"fileName":"/sdcard/FIRST/blocks/Motor.blk","time":"Mon Jan 23 15:16:20 SAST 2023"},{"fileName":"/sdcard/FIRST/blocks/AutoSuffering.js","time":"Fri Jul  8 11:45:15 SAST 2022"},{"fileName":"/sdcard/FIRST/blocks/Reset.blk","time":"Mon Jan 23 15:08:50 SAST 2023"},{"fileName":"/sdcard/FIRST/blocks/Motor.js","time":"Mon Jan 23 15:16:20 SAST 2023"},{"fileName":"/sdcard/FIRST/blocks/Autonymous_Kompetisie.js","time":"Mon Jan 23 15:07:32 SAST 2023"},{"fileName":"/sdcard/FIRST/blocks/Auto 9 Julie Kompetiesie.js","time":"date: Can't stat /sdcard/FIRST/blocks/Auto: No such file or directory"},{"fileName":"/sdcard/FIRST/blocks/AutoSuffering.blk","time":"Fri Jul  8 20:22:30 SAST 2022"},{"fileName":"/sdcard/FIRST/blocks/Auto 9 Julie Kompetiesie.blk","time":"date: Can't stat /sdcard/FIRST/blocks/Auto: No such file or directory"},{"fileName":"/sdcard/FIRST/blocks/Autonymous_Kompetisie.blk","time":"Mon Jan 23 15:07:32 SAST 2023"},{"fileName":"/sdcard/FIRST/java/src/org/firstinspires/ftc/teamcode/Xander_teleOp.java","time":"Sat Jul  9 14:20:27 SAST 2022"},{"fileName":"/sdcard/FIRST/blocks/Reset.js","time":"Sat Jul  9 12:45:45 SAST 2022"},{"fileName":"/sdcard/FIRST/java/src/org/firstinspires/ftc/teamcode/Sukkel.java","time":"Fri Jul  8 14:50:59 SAST 2022"},{"fileName":"/sdcard/FIRST/java/src/org/firstinspires/ftc/teamcode/Toets_Autonomous1.java","time":"Fri Jul  8 14:42:08 SAST 2022"},{"fileName":"/sdcard/FIRST/java/src/org/firstinspires/ftc/teamcode/XPG_Remote.java","time":"Sat Jul  9 09:57:38 SAST 2022"},{"fileName":"/sdcard/FIRST/blocks/Dian.blk","time":"Mon Jan 23 15:08:49 SAST 2023"},{"fileName":"/sdcard/FIRST/blocks/Dian.js","time":"Tue Sep 27 14:36:21 SAST 2022"},{"fileName":"/sdcard/FIRST/java/src/ToetsCode/DriveToets.java","time":"Thu Jul  7 12:49:49 SAST 2022"},{"fileName":"/sdcard/FIRST/java/src/org/firstinspires/ftc/teamcode/Annika.java","time":"Fri Jan 27 13:55:23 SAST 2023"},{"fileName":"/sdcard/FIRST/java/src/org/firstinspires/ftc/teamcode/Eduan_Draai.java","time":"Fri Jul  8 14:50:55 SAST 2022"},{"fileName":"/sdcard/FIRST/java/src/org/firstinspires/ftc/teamcode/JoncoAuto.java","time":"Thu Jul  7 13:14:31 SAST 2022"},{"fileName":"/sdcard/FIRST/hoop.xml","time":"Thu Jan  1 02:14:23 SAST 1970"},{"fileName":"/sdcard/FIRST/Metagearz.xml","time":"Fri Aug 19 14:59:24 SAST 2022"},{"fileName":"/sdcard/FIRST/java/src/ToetsCode/ColorToets.java","time":"Thu Jul  7 12:31:04 SAST 2022"},{"fileName":"/sdcard/FIRST/2Julie.xml","time":"Sat Jul  2 12:04:39 SAST 2022"}]}