<?xml version='1.0' encoding='UTF-8' standalone='yes' ?>
<Robot type="FirstInspires-FTC">
    <LynxUsbDevice name="Control Hub Portal" serialNumber="(embedded)" parentModuleAddress="173">
        <LynxModule name="Control Hub" port="173">
            <RevRobotics20HDHexMotor name="FL" port="0" />
            <RevRobotics20HDHexMotor name="FR" port="1" />
            <RevRobotics20HDHexMotor name="BL" port="2" />
            <RevRobotics20HDHexMotor name="BR" port="3" />
        </LynxModule>
    </LynxUsbDevice>
    <LynxUsbDevice name="Expansion Hub Portal 2" serialNumber="DQ3ME557" parentModuleAddress="1">
    </LynxUsbDevice>
</Robot>
