<?xml version='1.0' encoding='UTF-8' standalone='yes' ?>
<Robot type="FirstInspires-FTC">
    <LynxUsbDevice name="Control Hub Portal" serialNumber="(embedded)" parentModuleAddress="173">
        <LynxModule name="Expansion Hub 2" port="2">
            <RevRoboticsCoreHexMotor name="Tet1" port="1" />
            <Servo name="claw" port="0" />
        </LynxModule>
        <LynxModule name="Control Hub" port="173">
            <RevRoboticsUltraplanetaryHDHexMotor name="FL" port="0" />
            <RevRoboticsUltraplanetaryHDHexMotor name="FR" port="1" />
            <RevRoboticsUltraplanetaryHDHexMotor name="BL" port="2" />
            <RevRoboticsUltraplanetaryHDHexMotor name="BR" port="3" />
            <Servo name="arm" port="0" />
            <Servo name="Tet1" port="1" />
            <LynxEmbeddedIMU name="imu" port="0" bus="0" />
        </LynxModule>
    </LynxUsbDevice>
</Robot>
